,0,1,2,mean,std
accuracy,0.7541899441340782,0.7541899441340782,0.7541899441340782,0.7541899441340782,0.0
f1_macro,0.6620662768031188,0.6620662768031188,0.6620662768031188,0.6620662768031188,0.0
precision_macro,0.6396936396936397,0.6396936396936397,0.6396936396936397,0.6396936396936397,0.0
recall_macro,0.7011076189158381,0.7011076189158381,0.7011076189158381,0.7011076189158381,0.0
