,0,1,2,mean,std
accuracy,0.5251396648044693,0.5251396648044693,0.5251396648044693,0.5251396648044693,0.0
f1_macro,0.45813815307659356,0.45813815307659356,0.45813815307659356,0.45813815307659356,0.0
precision_macro,0.5093567251461988,0.5093567251461988,0.5093567251461988,0.5093567251461988,0.0
recall_macro,0.7030118536967852,0.7030118536967852,0.7030118536967852,0.7030118536967852,0.0
