,0,1,2,mean,std
accuracy,0.8044692737430168,0.8044692737430168,0.8044692737430168,0.8044692737430168,0.0
f1_macro,0.6769901122842299,0.6769901122842299,0.6769901122842299,0.6769901122842299,0.0
precision_macro,0.7583333333333333,0.7583333333333333,0.7583333333333333,0.7583333333333333,0.0
recall_macro,0.6477033874294148,0.6477033874294148,0.6477033874294148,0.6477033874294148,0.0
