,0,1,2,mean,std
accuracy,0.664804469273743,0.664804469273743,0.664804469273743,0.664804469273743,0.0
f1_macro,0.5647451963241437,0.5647451963241437,0.5647451963241437,0.5647451963241437,0.0
precision_macro,0.5684090716313274,0.5684090716313274,0.5684090716313274,0.5684090716313274,0.0
recall_macro,0.6926868159744872,0.6926868159744872,0.6926868159744872,0.6926868159744872,0.0
