,0,1,2,mean,std
accuracy,0.7374301675977654,0.7374301675977654,0.7374301675977654,0.7374301675977654,0.0
f1_macro,0.633782489932697,0.633782489932697,0.633782489932697,0.633782489932697,0.0
precision_macro,0.615230058268033,0.615230058268033,0.615230058268033,0.615230058268033,0.0
recall_macro,0.7388562731028485,0.7388562731028485,0.7388562731028485,0.7388562731028485,0.0
