,0,1,2,mean,std
accuracy,0.6927374301675978,0.6927374301675978,0.6927374301675978,0.6927374301675978,0.0
f1_macro,0.6242097736174085,0.6242097736174085,0.6242097736174085,0.6242097736174085,0.0
precision_macro,0.5980885632366996,0.5980885632366996,0.5980885632366996,0.5980885632366996,0.0
recall_macro,0.7537738770615482,0.7537738770615482,0.7537738770615482,0.7537738770615482,0.0
