,0,1,2,mean,std
accuracy,0.776536312849162,0.776536312849162,0.776536312849162,0.7765363128491621,1.3597399555105182e-16
f1_macro,0.6983293010267335,0.6983293010267335,0.6983293010267335,0.6983293010267335,0.0
precision_macro,0.6645982783357246,0.6645982783357246,0.6645982783357246,0.6645982783357246,0.0
recall_macro,0.807876547602575,0.807876547602575,0.807876547602575,0.807876547602575,0.0
