,0,1,2,mean,std
accuracy,0.7262569832402235,0.7262569832402235,0.7262569832402235,0.7262569832402234,1.3597399555105182e-16
f1_macro,0.6283858655223309,0.6283858655223309,0.6283858655223309,0.6283858655223309,0.0
precision_macro,0.6067956034664976,0.6067956034664976,0.6067956034664976,0.6067956034664976,0.0
recall_macro,0.7285246463328655,0.7285246463328655,0.7285246463328655,0.7285246463328655,0.0
