,0,1,2,mean,std
accuracy,0.5865921787709497,0.5865921787709497,0.5865921787709497,0.5865921787709497,0.0
f1_macro,0.5026455026455027,0.5026455026455027,0.5026455026455027,0.5026455026455027,0.0
precision_macro,0.5120517342739564,0.5120517342739564,0.5120517342739564,0.5120517342739564,0.0
recall_macro,0.6407519421218052,0.6407519421218052,0.6407519421218052,0.6407519421218052,0.0
