,0,1,2,mean,std
accuracy,0.7262569832402235,0.7262569832402235,0.7262569832402235,0.7262569832402234,1.3597399555105182e-16
f1_macro,0.6356308828711711,0.6356308828711711,0.6356308828711711,0.6356308828711711,0.0
precision_macro,0.6130056025130347,0.6130056025130347,0.6130056025130347,0.6130056025130347,0.0
recall_macro,0.6794757753661864,0.6794757753661864,0.6794757753661864,0.6794757753661864,0.0
