,0,1,2,mean,std
accuracy,0.7374301675977654,0.7374301675977654,0.7374301675977654,0.7374301675977654,0.0
f1_macro,0.6388078074878969,0.6388078074878969,0.6388078074878969,0.6388078074878969,0.0
precision_macro,0.6155270655270655,0.6155270655270655,0.6155270655270655,0.6155270655270655,0.0
recall_macro,0.6898074021361692,0.6898074021361692,0.6898074021361692,0.6898074021361692,0.0
