,0,1,2,mean,std
accuracy,0.4860335195530726,0.4860335195530726,0.4860335195530726,0.48603351955307267,6.798699777552591e-17
f1_macro,0.41695896003012106,0.41695896003012106,0.41695896003012106,0.41695896003012106,0.0
precision_macro,0.48703516079402603,0.48703516079402603,0.48703516079402603,0.48703516079402603,0.0
recall_macro,0.6746460034131267,0.6746460034131267,0.6746460034131267,0.6746460034131267,0.0
