,0,1,2,mean,std
accuracy,0.8100558659217877,0.8100558659217877,0.8100558659217877,0.8100558659217877,0.0
f1_macro,0.613695852343855,0.613695852343855,0.613695852343855,0.613695852343855,0.0
precision_macro,0.6329557713052859,0.6329557713052859,0.6329557713052859,0.6329557713052859,0.0
recall_macro,0.6044199331870564,0.6044199331870564,0.6044199331870564,0.6044199331870564,0.0
