,0,1,2,mean,std
accuracy,0.6815642458100558,0.6815642458100558,0.6815642458100558,0.6815642458100558,0.0
f1_macro,0.5705475810738968,0.5705475810738968,0.5705475810738968,0.5705475810738968,0.0
precision_macro,0.5624370126296379,0.5624370126296379,0.5624370126296379,0.5624370126296379,0.0
recall_macro,0.6573365751447943,0.6573365751447943,0.6573365751447943,0.6573365751447943,0.0
