,0,1,2,mean,std
accuracy,0.44692737430167595,0.44692737430167595,0.44692737430167595,0.44692737430167595,0.0
f1_macro,0.3734463276836158,0.3734463276836158,0.3734463276836158,0.3734463276836158,0.0
precision_macro,0.4590112205217682,0.4590112205217682,0.4590112205217682,0.4590112205217682,0.0
recall_macro,0.6510769798441031,0.6510769798441031,0.6510769798441031,0.6510769798441031,0.0
