,0,1,2,mean,std
accuracy,0.7430167597765364,0.7430167597765364,0.7430167597765364,0.7430167597765364,0.0
f1_macro,0.5122247584006178,0.5122247584006178,0.5122247584006178,0.5122247584006178,0.0
precision_macro,0.5085034013605442,0.5085034013605442,0.5085034013605442,0.5085034013605442,0.0
recall_macro,0.5161662284949956,0.5161662284949956,0.5161662284949956,0.5161662284949956,0.0
