,0,1,2,mean,std
accuracy,0.7597765363128491,0.7597765363128491,0.7597765363128491,0.7597765363128491,0.0
f1_macro,0.6600686902441288,0.6600686902441288,0.6600686902441288,0.6600686902441288,0.0
precision_macro,0.6368927368927368,0.6368927368927368,0.6368927368927368,0.6368927368927368,0.0
recall_macro,0.7056738289615002,0.7056738289615002,0.7056738289615002,0.7056738289615002,0.0
