,0,1,2,mean,std
accuracy,0.6201117318435754,0.6201117318435754,0.6201117318435754,0.6201117318435754,0.0
f1_macro,0.5528723528723529,0.5528723528723529,0.5528723528723529,0.5528723528723529,0.0
precision_macro,0.5344609688587475,0.5344609688587475,0.5344609688587475,0.5344609688587475,0.0
recall_macro,0.694413146467941,0.694413146467941,0.694413146467941,0.694413146467941,0.0
