,0,1,2,mean,std
accuracy,0.7318435754189944,0.7318435754189944,0.7318435754189944,0.7318435754189944,0.0
f1_macro,0.6348936170212766,0.6348936170212766,0.6348936170212766,0.6348936170212766,0.0
precision_macro,0.6114896339615441,0.6114896339615441,0.6114896339615441,0.6114896339615441,0.0
recall_macro,0.686440398769166,0.686440398769166,0.686440398769166,0.686440398769166,0.0
