,0,1,2,mean,std
accuracy,0.4301675977653631,0.4301675977653631,0.4301675977653631,0.4301675977653631,0.0
f1_macro,0.33470581214942113,0.33470581214942113,0.33470581214942113,0.33470581214942113,0.0
precision_macro,0.5005962059620597,0.5005962059620597,0.5005962059620597,0.5005962059620597,0.0
recall_macro,0.6469720031363867,0.6469720031363867,0.6469720031363867,0.6469720031363867,0.0
