,0,1,2,mean,std
accuracy,0.7653631284916201,0.7653631284916201,0.7653631284916201,0.7653631284916201,0.0
f1_macro,0.5798818351721228,0.5798818351721228,0.5798818351721228,0.5798818351721228,0.0
precision_macro,0.5864978902953587,0.5864978902953587,0.5864978902953587,0.5864978902953587,0.0
recall_macro,0.5774839062510294,0.5774839062510294,0.5774839062510294,0.5774839062510294,0.0
