,0,1,2,mean,std
accuracy,0.7486033519553073,0.7486033519553073,0.7486033519553073,0.7486033519553073,0.0
f1_macro,0.6468094172792159,0.6468094172792159,0.6468094172792159,0.6468094172792159,0.0
precision_macro,0.62361673414305,0.62361673414305,0.62361673414305,0.62361673414305,0.0
recall_macro,0.6977406155488346,0.6977406155488346,0.6977406155488346,0.6977406155488346,0.0
