,0,1,2,mean,std
accuracy,0.5642458100558659,0.5642458100558659,0.5642458100558659,0.5642458100558659,0.0
f1_macro,0.4939472216065847,0.4939472216065847,0.4939472216065847,0.4939472216065847,0.0
precision_macro,0.5363429467203052,0.5363429467203052,0.5363429467203052,0.5363429467203052,0.0
recall_macro,0.7265808772658087,0.7265808772658087,0.7265808772658087,0.7265808772658087,0.0
