,0,1,2,mean,std
accuracy,0.7877094972067039,0.7877094972067039,0.7877094972067039,0.7877094972067039,0.0
f1_macro,0.6161100803957947,0.6161100803957947,0.6161100803957947,0.6161100803957947,0.0
precision_macro,0.8558398031479361,0.8558398031479361,0.8558398031479361,0.8558398031479361,0.0
recall_macro,0.5921511263977017,0.5921511263977017,0.5921511263977017,0.5921511263977017,0.0
