,0,1,2,mean,std
accuracy,0.776536312849162,0.776536312849162,0.776536312849162,0.7765363128491621,1.3597399555105182e-16
f1_macro,0.7248066402565554,0.7248066402565554,0.7248066402565554,0.7248066402565554,0.0
precision_macro,0.6867041973982175,0.6867041973982175,0.6867041973982175,0.6867041973982175,0.0
recall_macro,0.8054781342452575,0.8054781342452575,0.8054781342452575,0.8054781342452575,0.0
