,0,1,2,mean,std
accuracy,0.776536312849162,0.776536312849162,0.776536312849162,0.7765363128491621,1.3597399555105182e-16
f1_macro,0.6786601062727621,0.6786601062727621,0.6786601062727621,0.6786601062727621,0.0
precision_macro,0.6890938686923495,0.6890938686923495,0.6890938686923495,0.6890938686923495,0.0
recall_macro,0.6703235881318071,0.6703235881318071,0.6703235881318071,0.6703235881318071,0.0
