,0,1,2,mean,std
accuracy,0.8100558659217877,0.8100558659217877,0.8100558659217877,0.8100558659217877,0.0
f1_macro,0.7136994949494949,0.7136994949494949,0.7136994949494949,0.7136994949494949,0.0
precision_macro,0.7424133811230585,0.7424133811230585,0.7424133811230585,0.7424133811230585,0.0
recall_macro,0.696521641727121,0.696521641727121,0.696521641727121,0.696521641727121,0.0
