,0,1,2,mean,std
accuracy,0.6871508379888268,0.6871508379888268,0.6871508379888268,0.6871508379888268,0.0
f1_macro,0.6163574554835727,0.6163574554835727,0.6163574554835727,0.6163574554835727,0.0
precision_macro,0.5924387842992495,0.5924387842992495,0.5924387842992495,0.5924387842992495,0.0
recall_macro,0.750406873694545,0.750406873694545,0.750406873694545,0.750406873694545,0.0
