,0,1,2,mean,std
accuracy,0.7653631284916201,0.7653631284916201,0.7653631284916201,0.7653631284916201,0.0
f1_macro,0.6587482219061166,0.6587482219061166,0.6587482219061166,0.6587482219061166,0.0
precision_macro,0.6358485958485959,0.6358485958485959,0.6358485958485959,0.6358485958485959,0.0
recall_macro,0.7090408323285035,0.7090408323285035,0.7090408323285035,0.7090408323285035,0.0
