,0,1,2,mean,std
accuracy,0.5363128491620112,0.5363128491620112,0.5363128491620112,0.5363128491620112,0.0
f1_macro,0.47231997393287717,0.47231997393287717,0.47231997393287717,0.47231997393287717,0.0
precision_macro,0.5120228837042996,0.5120228837042996,0.5120228837042996,0.5120228837042996,0.0
recall_macro,0.7097458604307919,0.7097458604307919,0.7097458604307919,0.7097458604307919,0.0
