,0,1,2,mean,std
accuracy,0.8044692737430168,0.8044692737430168,0.8044692737430168,0.8044692737430168,0.0
f1_macro,0.62759751390686,0.62759751390686,0.62759751390686,0.62759751390686,0.0
precision_macro,0.8671768707482993,0.8671768707482993,0.8671768707482993,0.8671768707482993,0.0
recall_macro,0.6034513431773706,0.6034513431773706,0.6034513431773706,0.6034513431773706,0.0
