,0,1,2,mean,std
accuracy,0.7653631284916201,0.7653631284916201,0.7653631284916201,0.7653631284916201,0.0
f1_macro,0.6942650846210449,0.6942650846210449,0.6942650846210449,0.6942650846210449,0.0
precision_macro,0.6833471188309899,0.6833471188309899,0.6833471188309899,0.6833471188309899,0.0
recall_macro,0.7078416256498447,0.7078416256498447,0.7078416256498447,0.7078416256498447,0.0
