,0,1,2,mean,std
accuracy,0.5418994413407822,0.5418994413407822,0.5418994413407822,0.5418994413407822,0.0
f1_macro,0.46986273755200036,0.46986273755200036,0.46986273755200036,0.46986273755200036,0.0
precision_macro,0.47939550730169506,0.47939550730169506,0.47939550730169506,0.47939550730169506,0.0
recall_macro,0.6030230550778496,0.6030230550778496,0.6030230550778496,0.6030230550778496,0.0
