,0,1,2,mean,std
accuracy,0.7821229050279329,0.7821229050279329,0.7821229050279329,0.7821229050279329,0.0
f1_macro,0.665986684528884,0.665986684528884,0.665986684528884,0.665986684528884,0.0
precision_macro,0.6440126050420169,0.6440126050420169,0.6440126050420169,0.6440126050420169,0.0
recall_macro,0.7239386691441485,0.7239386691441485,0.7239386691441485,0.7239386691441485,0.0
