,0,1,2,mean,std
accuracy,0.7486033519553073,0.7486033519553073,0.7486033519553073,0.7486033519553073,0.0
f1_macro,0.6840510935214015,0.6840510935214015,0.6840510935214015,0.6840510935214015,0.0
precision_macro,0.6477546714888487,0.6477546714888487,0.6477546714888487,0.6477546714888487,0.0
recall_macro,0.7874439107315819,0.7874439107315819,0.7874439107315819,0.7874439107315819,0.0
