,0,1,2,mean,std
accuracy,0.6759776536312849,0.6759776536312849,0.6759776536312849,0.675977653631285,1.3597399555105182e-16
f1_macro,0.620954315702919,0.620954315702919,0.620954315702919,0.620954315702919,0.0
precision_macro,0.5875,0.5875,0.5875,0.5875,0.0
recall_macro,0.7376768335672446,0.7376768335672446,0.7376768335672446,0.7376768335672446,0.0
