,0,1,2,mean,std
accuracy,0.8100558659217877,0.8100558659217877,0.8100558659217877,0.8100558659217877,0.0
f1_macro,0.7132879818594104,0.7132879818594104,0.7132879818594104,0.7132879818594104,0.0
precision_macro,0.7424197795331816,0.7424197795331816,0.7424197795331816,0.7424197795331816,0.0
recall_macro,0.6941232283698037,0.6941232283698037,0.6941232283698037,0.6941232283698037,0.0
