,0,1,2,mean,std
accuracy,0.770949720670391,0.770949720670391,0.770949720670391,0.7709497206703911,1.3597399555105182e-16
f1_macro,0.6622569938359412,0.6622569938359412,0.6622569938359412,0.6622569938359412,0.0
precision_macro,0.6395115995115995,0.6395115995115995,0.6395115995115995,0.6395115995115995,0.0
recall_macro,0.7124078356955069,0.7124078356955069,0.7124078356955069,0.7124078356955069,0.0
