,0,1,2,mean,std
accuracy,0.8100558659217877,0.8100558659217877,0.8100558659217877,0.8100558659217877,0.0
f1_macro,0.766798048048048,0.766798048048048,0.766798048048048,0.766798048048048,0.0
precision_macro,0.7316389703486478,0.7316389703486478,0.7316389703486478,0.7316389703486478,0.0
recall_macro,0.8256801544472777,0.8256801544472777,0.8256801544472777,0.8256801544472777,0.0
