,0,1,2,mean,std
accuracy,0.8044692737430168,0.8044692737430168,0.8044692737430168,0.8044692737430168,0.0
f1_macro,0.7100338130062122,0.7100338130062122,0.7100338130062122,0.7100338130062122,0.0
precision_macro,0.7391534391534392,0.7391534391534392,0.7391534391534392,0.7391534391534392,0.0
recall_macro,0.6943538450387764,0.6943538450387764,0.6943538450387764,0.6943538450387764,0.0
