,0,1,2,mean,std
accuracy,0.7877094972067039,0.7877094972067039,0.7877094972067039,0.7877094972067039,0.0
f1_macro,0.6980970418470419,0.6980970418470419,0.6980970418470419,0.6980970418470419,0.0
precision_macro,0.7270144696667994,0.7270144696667994,0.7270144696667994,0.7270144696667994,0.0
recall_macro,0.6806552149017903,0.6806552149017903,0.6806552149017903,0.6806552149017903,0.0
